Designator,Mid X,Mid Y,Rotation,Layer
C1,59.92,-171.71,90.0,bottom
C1A1,59.8825,-96.25,270.0,bottom
C1A10,62.64,-141.535,270.0,bottom
C1A11,52.428564,-130.796076,270.0,bottom
C1A12,53.267534,-141.344052,270.0,bottom
C1A13,62.65,-150.385,270.0,bottom
C1A14,62.5775,-159.293017,270.0,bottom
C1A15,53.175,-149.905,270.0,bottom
C1A16,53.2875,-159.114476,270.0,bottom
C1A17,62.803259,-168.013017,270.0,bottom
C1A18,62.559966,-176.858965,270.0,bottom
C1A19,53.417534,-167.440511,270.0,bottom
C1A2,61.3825,-105.25,270.0,bottom
C1A20,52.927534,-176.884052,270.0,bottom
C1A21,62.034966,-185.688965,270.0,bottom
C1A22,62.4575,-194.648017,270.0,bottom
C1A23,52.907534,-185.389052,270.0,bottom
C1A24,53.0425,-194.639482,270.0,bottom
C1A25,61.033,-216.6125,270.0,bottom
C1A26,61.143,-225.445,270.0,bottom
C1A27,52.2555,-216.475,270.0,bottom
C1A28,53.343,-225.445,270.0,bottom
C1A29,61.243,-234.245,270.0,bottom
C1A3,53.1325,-96.31,270.0,bottom
C1A30,62.043,-242.995,270.0,bottom
C1A31,52.743,-234.245,270.0,bottom
C1A32,53.343,-243.045,270.0,bottom
C1A33,61.95,-251.755,270.0,bottom
C1A34,62.58,-260.985,270.0,bottom
C1A35,53.55,-251.955,270.0,bottom
C1A36,54.79,-260.995,270.0,bottom
C1A37,62.19,-269.745,270.0,bottom
C1A38,62.21,-278.625,270.0,bottom
C1A39,54.19,-269.595,270.0,bottom
C1A4,53.2375,-105.47,270.0,bottom
C1A40,54.61,-278.825,270.0,bottom
C1A41,62.41,-287.45,270.0,bottom
C1A42,62.075,-296.4,270.0,bottom
C1A43,54.41,-287.65,270.0,bottom
C1A44,54.3,-296.605,270.0,bottom
C1A45,62.03,-305.31,270.0,bottom
C1A46,61.85,-314.17,270.0,bottom
C1A47,54.225,-305.39,270.0,bottom
C1A48,54.05,-314.37,270.0,bottom
C1A49,61.96,-323.3,270.0,bottom
C1A5,61.6075,-113.935,270.0,bottom
C1A50,61.11,-332.37,270.0,bottom
C1A51,54.06,-323.3,270.0,bottom
C1A52,53.71,-332.37,270.0,bottom
C1A53,61.26,-341.575,270.0,bottom
C1A54,61.38,-350.71,270.0,bottom
C1A55,53.21,-341.625,270.0,bottom
C1A56,53.81,-350.825,270.0,bottom
C1A57,61.139073,-359.718182,270.0,bottom
C1A58,61.360646,-368.5791,270.0,bottom
C1A59,53.339073,-359.718182,270.0,bottom
C1A6,62.46647,-123.512976,270.0,bottom
C1A60,53.760646,-368.5791,270.0,bottom
C1A61,61.312073,-377.683935,270.0,bottom
C1A62,60.98,-386.585,270.0,bottom
C1A63,53.749573,-377.351952,270.0,bottom
C1A64,53.6175,-386.353017,270.0,bottom
C1A7,53.262034,-114.544052,270.0,bottom
C1A8,53.1675,-123.325,270.0,bottom
C1A9,62.475996,-132.654006,270.0,bottom
C2A1,100.117554,-105.35,270.0,bottom
C2A10,88.700446,-176.170879,270.0,bottom
C2A11,100.0869,-193.756099,270.0,bottom
C2A12,88.700446,-193.876099,270.0,bottom
C2A13,100.1469,-223.37,270.0,bottom
C2A14,88.700446,-223.38,270.0,bottom
C2A15,100.1469,-241.18,270.0,bottom
C2A16,88.700446,-241.18,270.0,bottom
C2A2,88.6711,-105.35,270.0,bottom
C2A3,100.117554,-123.05522,270.0,bottom
C2A4,88.6711,-123.05522,270.0,bottom
C2A5,100.1469,-140.76044,270.0,bottom
C2A6,88.700446,-140.76044,270.0,bottom
C2A7,100.1469,-158.465659,270.0,bottom
C2A8,88.700446,-158.465659,270.0,bottom
C2A9,100.1469,-176.170879,270.0,bottom
C2B1,103.117554,-95.82,90.0,bottom
C2B10,91.700446,-166.640879,90.0,bottom
C2B11,103.0869,-184.226099,90.0,bottom
C2B12,91.700446,-184.346099,90.0,bottom
C2B13,103.1469,-213.84,90.0,bottom
C2B14,91.700446,-213.85,90.0,bottom
C2B15,103.1469,-231.65,90.0,bottom
C2B16,91.700446,-231.65,90.0,bottom
C2B2,91.6711,-95.82,90.0,bottom
C2B3,103.117554,-113.52522,90.0,bottom
C2B4,91.6711,-113.52522,90.0,bottom
C2B5,103.1469,-131.23044,90.0,bottom
C2B6,91.700446,-131.23044,90.0,bottom
C2B7,103.1469,-148.935659,90.0,bottom
C2B8,91.700446,-148.935659,90.0,bottom
C2B9,103.1469,-166.640879,90.0,bottom
C3A1,103.243727,-249.450401,90.0,bottom
C3A10,91.768727,-320.670401,90.0,bottom
C3A11,103.243727,-338.489687,90.0,bottom
C3A12,91.768727,-338.475401,90.0,bottom
C3A13,103.243727,-356.297544,90.0,bottom
C3A14,91.486101,-356.260401,90.0,bottom
C3A15,102.961101,-374.085401,90.0,bottom
C3A16,91.486101,-374.060401,90.0,bottom
C3A2,91.486101,-249.430401,90.0,bottom
C3A3,103.243727,-267.258258,90.0,bottom
C3A4,91.768727,-267.255401,90.0,bottom
C3A5,103.243727,-285.066115,90.0,bottom
C3A6,91.768727,-285.060401,90.0,bottom
C3A7,103.243727,-302.873972,90.0,bottom
C3A8,91.768727,-302.865401,90.0,bottom
C3A9,103.243727,-320.68183,90.0,bottom
C3B1,100.093727,-258.955401,270.0,bottom
C3B10,88.618727,-330.175401,270.0,bottom
C3B11,100.093727,-347.994687,270.0,bottom
C3B12,88.618727,-347.980401,270.0,bottom
C3B13,98.4,-362.63,0.0,bottom
C3B14,93.87,-364.71,180.0,bottom
C3B15,99.811101,-383.590401,270.0,bottom
C3B16,88.336101,-383.565401,270.0,bottom
C3B2,88.336101,-258.935401,270.0,bottom
C3B3,100.093727,-276.763258,270.0,bottom
C3B4,88.618727,-276.760401,270.0,bottom
C3B5,100.093727,-294.571115,270.0,bottom
C3B6,88.618727,-294.565401,270.0,bottom
C3B7,100.093727,-312.378972,270.0,bottom
C3B8,88.618727,-312.370401,270.0,bottom
C3B9,100.093727,-330.18683,270.0,bottom
C64,99.53,-199.64,0.0,bottom
J1,60.2,-195.085,180.0,bottom
J2,60.160108,-143.25842,270.0,top
J3,95.8,-180.47,180.0,bottom
J4,95.720108,-143.25842,270.0,top
J5,95.515,-96.37,0.0,top
J6,95.535,-104.455899,0.0,top
R1A1,62.5525,-96.17,270.0,bottom
R1A10,65.31,-141.455,270.0,bottom
R1A11,55.626064,-132.109093,270.0,bottom
R1A12,55.917534,-141.289052,270.0,bottom
R1A13,65.32,-150.305,270.0,bottom
R1A14,65.2475,-159.213017,270.0,bottom
R1A15,55.899966,-150.303965,270.0,bottom
R1A16,55.9575,-159.034476,270.0,bottom
R1A17,65.473259,-167.933017,270.0,bottom
R1A18,65.229966,-176.778965,270.0,bottom
R1A19,56.1325,-167.859476,270.0,bottom
R1A2,64.0525,-105.17,270.0,bottom
R1A20,55.597534,-176.804052,270.0,bottom
R1A21,64.704966,-185.608965,270.0,bottom
R1A22,65.1275,-194.568017,270.0,bottom
R1A23,55.5575,-185.573017,270.0,bottom
R1A24,55.7125,-194.559482,270.0,bottom
R1A25,63.703,-216.5325,270.0,bottom
R1A26,63.813,-225.365,270.0,bottom
R1A27,54.9255,-216.395,270.0,bottom
R1A28,56.013,-225.365,270.0,bottom
R1A29,63.913,-234.165,270.0,bottom
R1A3,55.8025,-96.23,270.0,bottom
R1A30,64.713,-242.915,270.0,bottom
R1A31,55.413,-234.165,270.0,bottom
R1A32,56.013,-242.965,270.0,bottom
R1A33,64.62,-251.675,270.0,bottom
R1A34,65.25,-260.905,270.0,bottom
R1A35,56.22,-251.875,270.0,bottom
R1A36,57.46,-260.915,270.0,bottom
R1A37,64.86,-269.665,270.0,bottom
R1A38,64.88,-278.545,270.0,bottom
R1A39,56.86,-269.515,270.0,bottom
R1A4,55.9075,-105.39,270.0,bottom
R1A40,57.28,-278.745,270.0,bottom
R1A41,65.08,-287.37,270.0,bottom
R1A42,64.745,-296.32,270.0,bottom
R1A43,57.08,-287.57,270.0,bottom
R1A44,56.97,-296.525,270.0,bottom
R1A45,64.7,-305.23,270.0,bottom
R1A46,64.52,-314.09,270.0,bottom
R1A47,56.895,-305.31,270.0,bottom
R1A48,56.72,-314.29,270.0,bottom
R1A49,64.63,-323.22,270.0,bottom
R1A5,64.2775,-113.855,270.0,bottom
R1A50,63.78,-332.29,270.0,bottom
R1A51,56.73,-323.22,270.0,bottom
R1A52,56.38,-332.29,270.0,bottom
R1A53,63.93,-341.495,270.0,bottom
R1A54,64.05,-350.63,270.0,bottom
R1A55,55.88,-341.545,270.0,bottom
R1A56,56.48,-350.745,270.0,bottom
R1A57,63.809073,-359.638182,270.0,bottom
R1A58,64.030646,-368.4991,270.0,bottom
R1A59,56.009073,-359.638182,270.0,bottom
R1A6,65.13647,-123.432976,270.0,bottom
R1A60,56.430646,-368.4991,270.0,bottom
R1A61,63.982073,-377.603935,270.0,bottom
R1A62,63.65,-386.505,270.0,bottom
R1A63,56.419573,-377.271952,270.0,bottom
R1A64,56.2875,-386.273017,270.0,bottom
R1A7,55.932034,-114.464052,270.0,bottom
R1A8,55.8375,-123.245,270.0,bottom
R1A9,65.145996,-132.574006,270.0,bottom
R1B1,64.0125,-96.17,90.0,bottom
R1B10,66.77,-141.455,90.0,bottom
R1B11,57.086064,-132.109093,90.0,bottom
R1B12,57.397534,-141.264052,90.0,bottom
R1B13,66.78,-150.305,90.0,bottom
R1B14,66.7075,-159.213017,90.0,bottom
R1B15,57.359966,-150.303965,90.0,bottom
R1B16,57.4175,-159.034476,90.0,bottom
R1B17,66.933259,-167.933017,90.0,bottom
R1B18,66.689966,-176.778965,90.0,bottom
R1B19,57.5925,-167.859476,90.0,bottom
R1B2,65.5125,-105.17,90.0,bottom
R1B20,57.057534,-176.804052,90.0,bottom
R1B21,66.164966,-185.608965,90.0,bottom
R1B22,66.5875,-194.568017,90.0,bottom
R1B23,57.0175,-185.573017,90.0,bottom
R1B24,57.1725,-194.559482,90.0,bottom
R1B25,65.163,-216.5325,90.0,bottom
R1B26,65.273,-225.365,90.0,bottom
R1B27,56.3855,-216.395,90.0,bottom
R1B28,57.473,-225.365,90.0,bottom
R1B29,65.373,-234.165,90.0,bottom
R1B3,57.2625,-96.23,90.0,bottom
R1B30,66.173,-242.915,90.0,bottom
R1B31,56.873,-234.165,90.0,bottom
R1B32,57.473,-242.965,90.0,bottom
R1B33,66.08,-251.675,90.0,bottom
R1B34,66.71,-260.905,90.0,bottom
R1B35,57.68,-251.875,90.0,bottom
R1B36,58.92,-260.915,90.0,bottom
R1B37,66.32,-269.665,90.0,bottom
R1B38,66.34,-278.545,90.0,bottom
R1B39,58.32,-269.515,90.0,bottom
R1B4,57.3675,-105.39,90.0,bottom
R1B40,58.74,-278.745,90.0,bottom
R1B41,66.54,-287.37,90.0,bottom
R1B42,66.205,-296.32,90.0,bottom
R1B43,58.54,-287.57,90.0,bottom
R1B44,58.43,-296.525,90.0,bottom
R1B45,66.16,-305.23,90.0,bottom
R1B46,65.98,-314.09,90.0,bottom
R1B47,58.355,-305.31,90.0,bottom
R1B48,58.18,-314.29,90.0,bottom
R1B49,66.09,-323.22,90.0,bottom
R1B5,65.7375,-113.855,90.0,bottom
R1B50,65.24,-332.29,90.0,bottom
R1B51,58.19,-323.22,90.0,bottom
R1B52,57.84,-332.29,90.0,bottom
R1B53,65.39,-341.495,90.0,bottom
R1B54,65.51,-350.63,90.0,bottom
R1B55,57.34,-341.545,90.0,bottom
R1B56,57.94,-350.745,90.0,bottom
R1B57,65.269073,-359.638182,90.0,bottom
R1B58,65.490646,-368.4991,90.0,bottom
R1B59,57.469073,-359.638182,90.0,bottom
R1B6,66.59647,-123.432976,90.0,bottom
R1B60,57.890646,-368.4991,90.0,bottom
R1B61,65.442073,-377.603935,90.0,bottom
R1B62,65.11,-386.505,90.0,bottom
R1B63,57.879573,-377.271952,90.0,bottom
R1B64,57.7475,-386.273017,90.0,bottom
R1B7,57.392034,-114.464052,90.0,bottom
R1B8,57.2975,-123.245,90.0,bottom
R1B9,66.605996,-132.574006,90.0,bottom
R2A1,61.0925,-96.17,270.0,bottom
R2A10,63.85,-141.455,270.0,bottom
R2A11,54.166064,-132.109093,270.0,bottom
R2A12,54.457534,-141.269052,270.0,bottom
R2A13,63.86,-150.305,270.0,bottom
R2A14,63.7875,-159.213017,270.0,bottom
R2A15,54.439966,-150.303965,270.0,bottom
R2A16,54.4975,-159.034476,270.0,bottom
R2A17,64.013259,-167.933017,270.0,bottom
R2A18,63.769966,-176.778965,270.0,bottom
R2A19,54.6725,-167.859476,270.0,bottom
R2A2,62.5925,-105.17,270.0,bottom
R2A20,54.137534,-176.804052,270.0,bottom
R2A21,63.244966,-185.608965,270.0,bottom
R2A22,63.6675,-194.568017,270.0,bottom
R2A23,54.0975,-185.573017,270.0,bottom
R2A24,54.2525,-194.559482,270.0,bottom
R2A25,62.243,-216.5325,270.0,bottom
R2A26,62.353,-225.365,270.0,bottom
R2A27,53.4655,-216.395,270.0,bottom
R2A28,54.553,-225.365,270.0,bottom
R2A29,62.453,-234.165,270.0,bottom
R2A3,54.3425,-96.23,270.0,bottom
R2A30,63.253,-242.915,270.0,bottom
R2A31,53.953,-234.165,270.0,bottom
R2A32,54.553,-242.965,270.0,bottom
R2A33,63.16,-251.675,270.0,bottom
R2A34,63.79,-260.905,270.0,bottom
R2A35,54.76,-251.875,270.0,bottom
R2A36,56.0,-260.915,270.0,bottom
R2A37,63.4,-269.665,270.0,bottom
R2A38,63.42,-278.545,270.0,bottom
R2A39,55.4,-269.515,270.0,bottom
R2A4,54.4475,-105.39,270.0,bottom
R2A40,55.82,-278.745,270.0,bottom
R2A41,63.62,-287.37,270.0,bottom
R2A42,63.285,-296.32,270.0,bottom
R2A43,55.62,-287.57,270.0,bottom
R2A44,55.51,-296.525,270.0,bottom
R2A45,63.24,-305.23,270.0,bottom
R2A46,63.06,-314.09,270.0,bottom
R2A47,55.435,-305.31,270.0,bottom
R2A48,55.26,-314.29,270.0,bottom
R2A49,63.17,-323.22,270.0,bottom
R2A5,62.8175,-113.855,270.0,bottom
R2A50,62.32,-332.29,270.0,bottom
R2A51,55.27,-323.22,270.0,bottom
R2A52,54.92,-332.29,270.0,bottom
R2A53,62.47,-341.495,270.0,bottom
R2A54,62.59,-350.63,270.0,bottom
R2A55,54.42,-341.545,270.0,bottom
R2A56,55.02,-350.745,270.0,bottom
R2A57,62.349073,-359.638182,270.0,bottom
R2A58,62.570646,-368.4991,270.0,bottom
R2A59,54.549073,-359.638182,270.0,bottom
R2A6,63.67647,-123.432976,270.0,bottom
R2A60,54.970646,-368.4991,270.0,bottom
R2A61,62.522073,-377.603935,270.0,bottom
R2A62,62.19,-386.505,270.0,bottom
R2A63,54.959573,-377.271952,270.0,bottom
R2A64,54.8275,-386.273017,270.0,bottom
R2A7,54.472034,-114.464052,270.0,bottom
R2A8,54.3775,-123.245,270.0,bottom
R2A9,63.685996,-132.574006,270.0,bottom
R3A1,102.117554,-105.35,270.0,bottom
R3A10,90.700446,-176.170879,270.0,bottom
R3A11,102.0869,-193.756099,270.0,bottom
R3A12,90.700446,-193.876099,270.0,bottom
R3A13,102.1469,-223.37,270.0,bottom
R3A14,90.700446,-223.38,270.0,bottom
R3A15,102.1469,-241.18,270.0,bottom
R3A16,90.700446,-241.18,270.0,bottom
R3A17,101.118727,-249.480401,90.0,bottom
R3A18,89.361101,-249.460401,90.0,bottom
R3A19,101.118727,-267.288258,90.0,bottom
R3A2,90.6711,-105.35,270.0,bottom
R3A20,89.643727,-267.285401,90.0,bottom
R3A21,101.118727,-285.096115,90.0,bottom
R3A22,89.643727,-285.090401,90.0,bottom
R3A23,101.118727,-302.903972,90.0,bottom
R3A24,89.643727,-302.895401,90.0,bottom
R3A25,101.118727,-320.71183,90.0,bottom
R3A26,89.643727,-320.700401,90.0,bottom
R3A27,101.118727,-338.519687,90.0,bottom
R3A28,89.643727,-338.505401,90.0,bottom
R3A29,101.118727,-356.327544,90.0,bottom
R3A3,102.117554,-123.05522,270.0,bottom
R3A30,89.361101,-356.290401,90.0,bottom
R3A31,100.836101,-374.115401,90.0,bottom
R3A32,89.361101,-374.090401,90.0,bottom
R3A4,90.6711,-123.05522,270.0,bottom
R3A5,102.1469,-140.76044,270.0,bottom
R3A6,90.700446,-140.76044,270.0,bottom
R3A7,102.1469,-158.465659,270.0,bottom
R3A8,90.700446,-158.465659,270.0,bottom
R3A9,102.1469,-176.170879,270.0,bottom
R3B1,103.117554,-105.36,90.0,bottom
R3B10,91.700446,-176.180879,90.0,bottom
R3B11,103.0869,-193.766099,90.0,bottom
R3B12,91.700446,-193.886099,90.0,bottom
R3B13,103.1469,-223.38,90.0,bottom
R3B14,91.700446,-223.39,90.0,bottom
R3B15,103.1469,-241.19,90.0,bottom
R3B16,91.700446,-241.19,90.0,bottom
R3B17,100.043727,-249.480401,270.0,bottom
R3B18,88.286101,-249.460401,270.0,bottom
R3B19,100.043727,-267.288258,270.0,bottom
R3B2,91.6711,-105.36,90.0,bottom
R3B20,88.568727,-267.285401,270.0,bottom
R3B21,100.043727,-285.096115,270.0,bottom
R3B22,88.568727,-285.090401,270.0,bottom
R3B23,100.043727,-302.903972,270.0,bottom
R3B24,88.568727,-302.895401,270.0,bottom
R3B25,100.043727,-320.71183,270.0,bottom
R3B26,88.568727,-320.700401,270.0,bottom
R3B27,100.043727,-338.519687,270.0,bottom
R3B28,88.568727,-338.505401,270.0,bottom
R3B29,100.043727,-356.327544,270.0,bottom
R3B3,103.117554,-123.06522,90.0,bottom
R3B30,88.286101,-356.290401,270.0,bottom
R3B31,99.761101,-374.115401,270.0,bottom
R3B32,88.286101,-374.090401,270.0,bottom
R3B4,91.6711,-123.06522,90.0,bottom
R3B5,103.1469,-140.77044,90.0,bottom
R3B6,91.700446,-140.77044,90.0,bottom
R3B7,103.1469,-158.475659,90.0,bottom
R3B8,91.700446,-158.475659,90.0,bottom
R3B9,103.1469,-176.180879,90.0,bottom
R3C1,101.117554,-95.8,90.0,bottom
R3C10,89.700446,-166.620879,90.0,bottom
R3C11,101.0869,-184.206099,90.0,bottom
R3C12,89.700446,-184.326099,90.0,bottom
R3C13,101.1469,-213.82,90.0,bottom
R3C14,89.700446,-213.83,90.0,bottom
R3C15,101.1469,-231.63,90.0,bottom
R3C16,89.700446,-231.63,90.0,bottom
R3C17,102.193727,-258.975401,270.0,bottom
R3C18,90.436101,-258.955401,270.0,bottom
R3C19,102.193727,-276.783258,270.0,bottom
R3C2,89.6711,-95.8,90.0,bottom
R3C20,90.718727,-276.780401,270.0,bottom
R3C21,102.193727,-294.591115,270.0,bottom
R3C22,90.718727,-294.585401,270.0,bottom
R3C23,102.193727,-312.398972,270.0,bottom
R3C24,90.718727,-312.390401,270.0,bottom
R3C25,102.193727,-330.20683,270.0,bottom
R3C26,90.718727,-330.195401,270.0,bottom
R3C27,102.193727,-348.014687,270.0,bottom
R3C28,90.718727,-348.000401,270.0,bottom
R3C29,98.38,-364.73,0.0,bottom
R3C3,101.117554,-113.50522,90.0,bottom
R3C30,93.89,-362.61,180.0,bottom
R3C31,101.911101,-383.610401,270.0,bottom
R3C32,90.436101,-383.585401,270.0,bottom
R3C4,89.6711,-113.50522,90.0,bottom
R3C5,101.1469,-131.21044,90.0,bottom
R3C6,89.700446,-131.21044,90.0,bottom
R3C7,101.1469,-148.915659,90.0,bottom
R3C8,89.700446,-148.915659,90.0,bottom
R3C9,101.1469,-166.620879,90.0,bottom
R3D1,100.117554,-95.79,270.0,bottom
R3D10,88.700446,-166.610879,270.0,bottom
R3D11,100.0869,-184.196099,270.0,bottom
R3D12,88.700446,-184.316099,270.0,bottom
R3D13,100.1469,-213.81,270.0,bottom
R3D14,88.700446,-213.82,270.0,bottom
R3D15,100.1469,-231.62,270.0,bottom
R3D16,88.700446,-231.62,270.0,bottom
R3D17,103.243727,-258.975401,90.0,bottom
R3D18,91.486101,-258.955401,90.0,bottom
R3D19,103.243727,-276.783258,90.0,bottom
R3D2,88.6711,-95.79,270.0,bottom
R3D20,91.768727,-276.780401,90.0,bottom
R3D21,103.243727,-294.591115,90.0,bottom
R3D22,91.768727,-294.585401,90.0,bottom
R3D23,103.243727,-312.398972,90.0,bottom
R3D24,91.768727,-312.390401,90.0,bottom
R3D25,103.243727,-330.20683,90.0,bottom
R3D26,91.768727,-330.195401,90.0,bottom
R3D27,103.243727,-348.014687,90.0,bottom
R3D28,91.768727,-348.000401,90.0,bottom
R3D29,98.38,-365.78,180.0,bottom
R3D3,100.117554,-113.49522,270.0,bottom
R3D30,93.89,-361.56,0.0,bottom
R3D31,102.961101,-383.610401,90.0,bottom
R3D32,91.486101,-383.585401,90.0,bottom
R3D4,88.6711,-113.49522,270.0,bottom
R3D5,100.1469,-131.20044,270.0,bottom
R3D6,88.700446,-131.20044,270.0,bottom
R3D7,100.1469,-148.905659,270.0,bottom
R3D8,88.700446,-148.905659,270.0,bottom
R3D9,100.1469,-166.610879,270.0,bottom
R4A1,101.117554,-105.35,270.0,bottom
R4A10,89.700446,-176.170879,270.0,bottom
R4A11,101.0869,-193.756099,270.0,bottom
R4A12,89.700446,-193.876099,270.0,bottom
R4A13,101.1469,-223.37,270.0,bottom
R4A14,89.700446,-223.38,270.0,bottom
R4A15,101.1469,-241.18,270.0,bottom
R4A16,89.700446,-241.18,270.0,bottom
R4A17,102.193727,-249.470401,90.0,bottom
R4A18,90.436101,-249.450401,90.0,bottom
R4A19,102.193727,-267.278258,90.0,bottom
R4A2,89.6711,-105.35,270.0,bottom
R4A20,90.718727,-267.275401,90.0,bottom
R4A21,102.193727,-285.086115,90.0,bottom
R4A22,90.718727,-285.080401,90.0,bottom
R4A23,102.193727,-302.893972,90.0,bottom
R4A24,90.718727,-302.885401,90.0,bottom
R4A25,102.193727,-320.70183,90.0,bottom
R4A26,90.718727,-320.690401,90.0,bottom
R4A27,102.193727,-338.509687,90.0,bottom
R4A28,90.718727,-338.495401,90.0,bottom
R4A29,102.193727,-356.317544,90.0,bottom
R4A3,101.117554,-123.05522,270.0,bottom
R4A30,90.436101,-356.280401,90.0,bottom
R4A31,101.911101,-374.105401,90.0,bottom
R4A32,90.436101,-374.080401,90.0,bottom
R4A4,89.6711,-123.05522,270.0,bottom
R4A5,101.1469,-140.76044,270.0,bottom
R4A6,89.700446,-140.76044,270.0,bottom
R4A7,101.1469,-158.465659,270.0,bottom
R4A8,89.700446,-158.465659,270.0,bottom
R4A9,101.1469,-176.170879,270.0,bottom
R4B1,102.117554,-95.8,90.0,bottom
R4B10,90.700446,-166.620879,90.0,bottom
R4B11,102.0869,-184.206099,90.0,bottom
R4B12,90.700446,-184.326099,90.0,bottom
R4B13,102.1469,-213.82,90.0,bottom
R4B14,90.700446,-213.83,90.0,bottom
R4B15,102.1469,-231.63,90.0,bottom
R4B16,90.700446,-231.63,90.0,bottom
R4B17,101.143727,-258.975401,270.0,bottom
R4B18,89.386101,-258.955401,270.0,bottom
R4B19,101.143727,-276.783258,270.0,bottom
R4B2,90.6711,-95.8,90.0,bottom
R4B20,89.668727,-276.780401,270.0,bottom
R4B21,101.143727,-294.591115,270.0,bottom
R4B22,89.668727,-294.585401,270.0,bottom
R4B23,101.143727,-312.398972,270.0,bottom
R4B24,89.668727,-312.390401,270.0,bottom
R4B25,101.143727,-330.20683,270.0,bottom
R4B26,89.668727,-330.195401,270.0,bottom
R4B27,101.143727,-348.014687,270.0,bottom
R4B28,89.668727,-348.000401,270.0,bottom
R4B29,98.38,-363.68,0.0,bottom
R4B3,102.117554,-113.50522,90.0,bottom
R4B30,93.89,-363.66,180.0,bottom
R4B31,100.861101,-383.610401,270.0,bottom
R4B32,89.386101,-383.585401,270.0,bottom
R4B4,90.6711,-113.50522,90.0,bottom
R4B5,102.1469,-131.21044,90.0,bottom
R4B6,90.700446,-131.21044,90.0,bottom
R4B7,102.1469,-148.915659,90.0,bottom
R4B8,90.700446,-148.915659,90.0,bottom
R4B9,102.1469,-166.620879,90.0,bottom
RJ45-1,42.36227,-97.5825,0.0,bottom
RJ45-10,42.362308,-269.48092,0.0,bottom
RJ45-11,42.362308,-287.28092,0.0,bottom
RJ45-12,42.362308,-305.08092,0.0,bottom
RJ45-13,42.362308,-322.88092,0.0,bottom
RJ45-14,42.362308,-340.68092,0.0,bottom
RJ45-15,42.362308,-358.48092,0.0,bottom
RJ45-16,42.362308,-376.28092,0.0,bottom
RJ45-17,77.92227,-97.5825,0.0,bottom
RJ45-18,77.92227,-115.382184,0.0,bottom
RJ45-19,77.92227,-133.181868,0.0,bottom
RJ45-2,42.362308,-115.38092,0.0,bottom
RJ45-20,77.92227,-150.981552,0.0,bottom
RJ45-21,77.92227,-168.781236,0.0,bottom
RJ45-22,77.92227,-186.58092,0.0,bottom
RJ45-23,77.92227,-216.08092,0.0,bottom
RJ45-24,77.92227,-233.88092,0.0,bottom
RJ45-25,77.92227,-251.68092,0.0,bottom
RJ45-26,77.92227,-269.48092,0.0,bottom
RJ45-27,77.92227,-287.28092,0.0,bottom
RJ45-28,77.92227,-305.08092,0.0,bottom
RJ45-29,77.92227,-322.88092,0.0,bottom
RJ45-3,42.362308,-133.18092,0.0,bottom
RJ45-30,77.92227,-340.68092,0.0,bottom
RJ45-31,77.92227,-358.48092,0.0,bottom
RJ45-32,77.92227,-376.28092,0.0,bottom
RJ45-4,42.362308,-150.98092,0.0,bottom
RJ45-5,42.362308,-168.78092,0.0,bottom
RJ45-6,42.362308,-186.58092,0.0,bottom
RJ45-7,42.362308,-216.08092,0.0,bottom
RJ45-8,42.362308,-233.88092,0.0,bottom
RJ45-9,42.362308,-251.68092,0.0,bottom
SW1,62.215,-91.996983,90.0,bottom
SW10,64.9725,-137.281983,90.0,bottom
SW11,55.288564,-127.936076,90.0,bottom
SW12,55.600034,-137.091035,90.0,bottom
SW13,64.9825,-146.131983,90.0,bottom
SW14,64.91,-155.04,90.0,bottom
SW15,55.562466,-146.130948,90.0,bottom
SW16,55.62,-154.861459,90.0,bottom
SW17,65.135759,-163.76,90.0,bottom
SW18,64.892466,-172.605948,90.0,bottom
SW19,55.795,-163.686459,90.0,bottom
SW2,63.715,-100.996983,90.0,bottom
SW20,55.695,-172.605,90.0,bottom
SW21,64.367466,-181.435948,90.0,bottom
SW22,64.79,-190.395,90.0,bottom
SW23,55.22,-181.4,90.0,bottom
SW24,55.375,-190.386465,90.0,bottom
SW25,63.3655,-212.359483,90.0,bottom
SW26,63.4755,-221.191983,90.0,bottom
SW27,54.588,-212.221983,90.0,bottom
SW28,55.6755,-221.191983,90.0,bottom
SW29,63.5755,-229.991983,90.0,bottom
SW3,54.6175,-92.001983,90.0,bottom
SW30,64.3755,-238.741983,90.0,bottom
SW31,55.0755,-229.991983,90.0,bottom
SW32,55.6755,-238.791983,90.0,bottom
SW33,64.2825,-247.501983,90.0,bottom
SW34,64.91,-256.66,90.0,bottom
SW35,55.8825,-247.701983,90.0,bottom
SW36,57.1225,-256.741983,90.0,bottom
SW37,64.55,-265.48,90.0,bottom
SW38,64.5425,-274.371983,90.0,bottom
SW39,56.5225,-265.341983,90.0,bottom
SW4,55.57,-101.216983,90.0,bottom
SW40,56.9425,-274.571983,90.0,bottom
SW41,64.7425,-283.196983,90.0,bottom
SW42,64.4075,-292.146983,90.0,bottom
SW43,56.7425,-283.396983,90.0,bottom
SW44,56.6325,-292.351983,90.0,bottom
SW45,64.3625,-301.056983,90.0,bottom
SW46,64.1825,-309.916983,90.0,bottom
SW47,56.5575,-301.136983,90.0,bottom
SW48,56.3825,-310.116983,90.0,bottom
SW49,64.2925,-319.046983,90.0,bottom
SW5,63.94,-109.681983,90.0,bottom
SW50,63.4425,-328.116983,90.0,bottom
SW51,56.3925,-319.046983,90.0,bottom
SW52,56.0425,-328.116983,90.0,bottom
SW53,63.5925,-337.321983,90.0,bottom
SW54,63.7125,-346.456983,90.0,bottom
SW55,55.5425,-337.371983,90.0,bottom
SW56,56.1425,-346.571983,90.0,bottom
SW57,63.471573,-355.465165,90.0,bottom
SW58,63.693146,-364.326083,90.0,bottom
SW59,55.671573,-355.465165,90.0,bottom
SW6,64.79897,-119.259959,90.0,bottom
SW60,56.093146,-364.326083,90.0,bottom
SW61,63.644573,-373.430918,90.0,bottom
SW62,63.3125,-382.331983,90.0,bottom
SW63,56.082073,-373.098935,90.0,bottom
SW64,55.95,-382.1,90.0,bottom
SW7,53.95,-110.24,90.0,bottom
SW8,55.5,-119.071983,90.0,bottom
SW9,64.808496,-128.400989,90.0,bottom
U1,101.617554,-100.74,180.0,bottom
U10,90.200446,-171.560879,180.0,bottom
U11,101.5869,-189.146099,180.0,bottom
U12,90.200446,-189.266099,180.0,bottom
U13,101.6469,-218.76,180.0,bottom
U14,90.200446,-218.77,180.0,bottom
U15,101.6469,-236.57,180.0,bottom
U16,90.200446,-236.57,180.0,bottom
U17,101.682627,-253.8704,0.0,bottom
U18,89.925001,-253.8504,0.0,bottom
U19,101.682627,-271.678257,0.0,bottom
U2,90.1711,-100.74,180.0,bottom
U20,90.207627,-271.6754,0.0,bottom
U21,101.682627,-289.486114,0.0,bottom
U22,90.207627,-289.4804,0.0,bottom
U23,101.682627,-307.293971,0.0,bottom
U24,90.207627,-307.2854,0.0,bottom
U25,101.682627,-325.101829,0.0,bottom
U26,90.207627,-325.0904,0.0,bottom
U27,101.682627,-342.909686,0.0,bottom
U28,90.207627,-342.8954,0.0,bottom
U29,101.682627,-360.717543,0.0,bottom
U3,101.617554,-118.44522,180.0,bottom
U30,89.925001,-360.6804,0.0,bottom
U31,101.400001,-378.5054,0.0,bottom
U32,89.925001,-378.4804,0.0,bottom
U4,90.1711,-118.44522,180.0,bottom
U5,101.6469,-136.15044,180.0,bottom
U6,90.200446,-136.15044,180.0,bottom
U7,101.6469,-153.855659,180.0,bottom
U8,90.200446,-153.855659,180.0,bottom
U9,101.6469,-171.560879,180.0,bottom
